district_id,name,state,lat,long,population,hospital_count,school_count,road_density_km,avg_rainfall_mm
chennai,Chennai,Tamil Nadu,13.0827,80.2707,7088000,950,2500,3.2,1400.0
madurai,Madurai,Tamil Nadu,9.9252,78.1198,3038252,142,1830,1.42,850.0
coimbatore,Coimbatore,Tamil Nadu,11.0168,76.9558,3458045,210,2100,1.8,700.0
tiruchirappalli,Tiruchirappalli,Tamil Nadu,10.7905,78.7047,2722290,130,1600,1.5,850.0
salem,Salem,Tamil Nadu,11.6643,78.146,3482056,140,1700,1.3,900.0
tirunelveli,Tirunelveli,Tamil Nadu,8.7139,77.7567,3072880,100,1400,1.1,750.0
vellore,Vellore,Tamil Nadu,12.9165,79.1325,3936331,160,1750,1.2,950.0
thanjavur,Thanjavur,Tamil Nadu,10.787,79.1378,2405890,90,1200,1.0,900.0
bengaluru-urban,Bengaluru Urban,Karnataka,12.9716,77.5946,9621551,800,2200,2.9,900.0
mysuru,Mysuru,Karnataka,12.2958,76.6394,3001127,150,1300,1.4,800.0
dakshina-kannada,Dakshina Kannada,Karnataka,12.8703,74.8806,2089649,120,900,1.3,3500.0
dharwad,Dharwad,Karnataka,15.4589,75.0078,1847023,80,800,1.0,750.0
belagavi,Belagavi,Karnataka,15.8497,74.4977,4779661,110,1100,1.1,800.0
kalaburagi,Kalaburagi,Karnataka,17.3297,76.8343,2566326,70,700,0.9,750.0
